Tarih;Hareket saati;Varış zamanı;Süre;Başlangıç ​​adresi;Geliş adresi;Mesafe;Sayaçtaki kilometre (km);Ortalama tüketim (l / 100);Yakıt fiyatları (TRY/l);Maliyet (TRY);Kategori;
"17/08/23";17:25;17:39;"00:13";;;"6";78509;"8,8";"41";"20,16";""
"08/07/23";19:25;19:29;"00:03";;;"1";75013;"5,9";"24,5";"2,01";""
"08/07/23";19:47;20:31;"00:43";;;"25";75037;"4,5";"24,5";"27,6";""
"09/07/23";08:52;09:00;"00:08";;;"4";75041;"4,6";"24,5";"4,52";""
"09/07/23";09:11;09:17;"00:06";;;"4";75046;"6,5";"24,5";"6,53";""
"09/07/23";11:37;11:43;"00:06";;;"4";75050;"5,5";"24,5";"5,52";""
"09/07/23";11:45;11:59;"00:13";;;"11";75061;"5,2";"24,5";"14,05";""
"09/07/23";13:39;13:45;"00:06";;;"4";75064;"7,6";"25,6";"6,82";""
"09/07/23";14:00;14:05;"00:05";;;"4";75068;"8";"25,6";"7,34";""
"09/07/23";14:15;14:28;"00:13";;;"12";75079;"4,8";"25,6";"14,15";""
"13/07/23";13:48;14:26;"00:38";;;"30";75109;"5,4";"25,6";"40,9";""
"13/07/23";17:03;17:08;"00:04";;;"1";75111;"8,7";"25,6";"3,15";""
"13/07/23";17:24;18:03;"00:38";;;"35";75146;"4,2";"25,6";"38,28";""
"13/07/23";18:15;18:22;"00:07";;;"4";75150;"9,4";"25,6";"8,39";""
"14/07/23";16:21;16:53;"00:32";;;"22";75172;"5,9";"27,5";"36,61";""
"14/07/23";17:51;18:19;"00:28";;;"25";75197;"4,4";"27,5";"29,86";""
"14/07/23";18:56;19:03;"00:06";;;"4";75201;"8";"27,5";"9,01";""
"16/07/23";10:16;10:21;"00:05";;;"1";75202;"6,8";"27,5";"1,13";""
"16/07/23";10:24;10:31;"00:07";;;"1";75203;"24,9";"27,5";"9,58";""
"16/07/23";17:23;17:35;"00:12";;;"5";75208;"6,2";"27,5";"9,01";""
"16/07/23";17:40;17:51;"00:11";;;"8";75216;"7,8";"27,5";"16,34";""
"16/07/23";18:26;18:47;"00:21";;;"12";75228;"5,1";"27,5";"16,34";""
"18/07/23";18:35;18:44;"00:09";;;"7";75235;"4,5";"27,5";"8,45";""
"18/07/23";18:50;18:51;"00:01";;;"0";75235;"0,1";"33";"0,01";""
"18/07/23";19:12;19:18;"00:06";;;"4";75240;"6,5";"33";"9,46";""
"18/07/23";19:20;19:23;"00:03";;;"0";75240;"20,2";"33";"0,68";""
"19/07/23";20:08;20:16;"00:08";;;"4";75247;"4,1";"33";"4,73";""
"19/07/23";20:37;20:47;"00:10";;;"4";75251;"8,2";"33";"9,46";""
"20/07/23";07:02;07:22;"00:20";;;"12";75262;"5,3";"33";"20,28";""
"20/07/23";07:35;07:45;"00:09";;;"2";75265;"6";"33";"4,73";""
"20/07/23";07:46;08:09;"00:22";;;"13";75277;"3,2";"33";"13,52";""
"20/07/23";08:55;09:12;"00:17";;;"6";75284;"6,2";"33";"12,85";""
"20/07/23";10:10;10:17;"00:07";;;"3";75286;"9,8";"33";"8,11";""
"20/07/23";15:33;16:00;"00:27";;;"14";75300;"7,2";"33";"32,44";""
"20/07/23";16:08;16:09;"00:01";;;"0";75300;"10,3";"33";"1,35";""
"20/07/23";16:11;16:29;"00:17";;;"11";75311;"5,4";"33";"18,93";""
"20/07/23";16:33;16:36;"00:03";;;"1";75312;"18,4";"33";"6,08";""
"22/07/23";16:31;16:34;"00:03";;;"1";75313;"3,7";"33";"1,36";""
"22/07/23";16:39;16:44;"00:04";;;"1";75314;"11,2";"33";"4,06";""
"23/07/23";19:16;19:24;"00:08";;;"4";75318;"5";"33";"6,76";""
"23/07/23";19:51;19:57;"00:06";;;"4";75322;"6,7";"33";"8,79";""
"25/07/23";08:34;08:46;"00:12";;;"7";75330;"4,2";"33";"10,14";""
"25/07/23";09:25;09:37;"00:12";;;"7";75337;"6,3";"33";"14,88";""
"25/07/23";15:17;15:27;"00:10";;;"7";75344;"5,4";"33";"12,84";""
"25/07/23";15:31;15:41;"00:10";;;"8";75352;"4,6";"33";"12,16";""
"25/07/23";16:29;16:49;"00:20";;;"15";75368;"6,9";"33";"35,15";""
"25/07/23";20:20;20:44;"00:23";;;"15";75382;"5,2";"33";"25,01";""
"25/07/23";20:48;20:56;"00:08";;;"4";75386;"4,7";"33";"5,41";""
"25/07/23";22:37;22:55;"00:18";;;"14";75399;"4,6";"33";"20,27";""
"26/07/23";09:26;09:37;"00:11";;;"7";75406;"4";"33";"9,46";""
"26/07/23";10:00;10:12;"00:12";;;"8";75414;"5,7";"33";"14,87";""
"26/07/23";10:15;10:19;"00:04";;;"1";75416;"8,8";"33";"4,05";""
"26/07/23";19:12;19:13;"00:01";;;"0";75416;"0,1";"33";"0";""
"27/07/23";09:10;09:14;"00:04";;;"2";75418;"4,1";"33";"2,03";""
"27/07/23";09:20;09:24;"00:04";;;"1";75419;"7,3";"33";"3,39";""
"27/07/23";15:23;15:35;"00:12";;;"7";75426;"6,7";"33";"16,22";""
"27/07/23";15:44;16:11;"00:27";;;"16";75442;"7,7";"33";"39,88";""
"27/07/23";17:29;17:43;"00:14";;;"11";75452;"3,7";"33";"12,84";""
"27/07/23";17:48;17:49;"00:01";;;"0";75452;"0,1";"33";"0";""
"27/07/23";18:04;18:11;"00:07";;;"4";75456;"7,2";"33";"9,46";""
"28/07/23";09:49;13:16;"03:26";;;"258";75714;"4,5";"33";"385,24";""
"28/07/23";13:27;13:50;"00:22";;;"12";75726;"7,5";"33";"29,06";""
"28/07/23";15:37;15:48;"00:11";;;"6";75731;"6,5";"33";"12,17";""
"28/07/23";16:01;16:14;"00:13";;;"5";75737;"5,4";"33";"9,46";""
"28/07/23";20:32;20:42;"00:10";;;"3";75740;"10,6";"33";"10,14";""
"28/07/23";21:43;21:57;"00:14";;;"5";75745;"5,6";"33";"9,46";""
"29/07/23";10:06;10:26;"00:20";;;"11";75755;"7,7";"33";"27,04";""
"29/07/23";15:04;15:29;"00:25";;;"8";75763;"8,4";"33";"22,3";""
"29/07/23";15:33;18:34;"03:01";;;"100";75864;"6,4";"33";"212,21";""
"29/07/23";19:13;20:32;"01:19";;;"136";75999;"5,3";"33";"237,22";""
"30/07/23";12:31;15:34;"03:03";;;"244";76693;"4,1";"33";"330,49";""
"30/07/23";19:48;19:50;"00:02";;;"0";76693;"10,5";"33";"0,68";""
"30/07/23";19:51;19:55;"00:04";;;"1";76695;"6,8";"33";"2,71";""
"30/07/23";20:19;20:25;"00:06";;;"1";76696;"5,9";"33";"2,71";""
"31/07/23";09:44;10:19;"00:35";;;"20";76716;"5,4";"33";"35,82";""
"31/07/23";11:10;11:42;"00:32";;;"19";76735;"5,7";"33";"35,14";""
"31/07/23";12:04;12:08;"00:04";;;"1";76736;"4,4";"33";"2,03";""
"01/08/23";13:11;13:18;"00:07";;;"2";76738;"8,6";"33";"5,41";""
"01/08/23";14:00;14:01;"00:01";;;"0";76739;"10,1";"33";"0,67";""
"01/08/23";14:08;14:11;"00:03";;;"1";76739;"4,6";"33";"1,35";""
"01/08/23";14:31;14:35;"00:04";;;"1";76741;"5,9";"33";"2,7";""
"02/08/23";16:00;16:36;"00:36";;;"31";76772;"5,2";"33";"53,4";""
"02/08/23";18:28;18:30;"00:02";;;"0";76772;"5,1";"33";"0,68";""
"02/08/23";18:34;19:09;"00:35";;;"29";76801;"4,7";"33";"44,61";""
"02/08/23";19:19;19:22;"00:03";;;"2";76803;"4,1";"33";"2,03";""
"02/08/23";19:48;19:50;"00:02";;;"1";76804;"7,7";"33";"2,03";""
"02/08/23";19:57;20:03;"00:06";;;"2";76805;"4,3";"33";"2,71";""
"03/08/23";07:58;09:10;"01:12";;;"62";76868;"4,8";"33";"99,35";""
"01/01/07";00:50;00:52;"00:01";;;"0";76868;"20,4";"33";"0,68";""
"01/01/07";01:32;01:33;"00:01";;;"0";76868;"20,2";"33";"0,68";""
"01/01/07";02:10;02:28;"00:18";;;"7";76875;"8,9";"33";"20,95";""
"01/01/07";02:44;03:43;"00:59";;;"40";76915;"5,8";"33";"76,37";""
"01/01/07";03:49;04:25;"00:36";;;"48";76963;"4";"33";"62,86";""
"01/01/07";23:33;00:02;"00:29";;;"18";76981;"6,3";"33";"37,85";""
"02/01/07";01:32;01:43;"00:11";;;"5";76986;"7,8";"33";"12,85";""
"02/01/07";02:24;02:46;"00:22";;;"13";76999;"4,8";"33";"20,95";""
"02/01/07";05:51;05:53;"00:02";;;"0";76999;"20,2";"33";"0,68";""
"03/01/07";20:23;20:55;"00:32";;;"20";77020;"6";"33";"39,88";""
"04/01/07";02:34;02:57;"00:23";;;"5";77024;"12,2";"33";"18,92";""
"04/01/07";03:14;03:36;"00:22";;;"9";77033;"11,2";"33";"32,45";""
"04/01/07";03:38;04:06;"00:28";;;"17";77050;"6,2";"33";"33,79";""
"05/01/07";00:51;00:58;"00:07";;;"2";77052;"11,6";"33";"8,79";""
"05/01/07";01:07;01:07;"00:00";;;"0";77052;"10,6";"33";"0,68";""
"05/01/07";01:17;01:22;"00:05";;;"2";77054;"7,2";"33";"4,73";""
"05/01/07";19:55;19:59;"00:04";;;"1";77056;"7,3";"33";"3,38";""
"05/01/07";20:11;20:15;"00:03";;;"1";77057;"4,4";"33";"2,03";""
"06/01/07";00:13;00:31;"00:17";;;"4";77061;"9,2";"33";"11,5";""
"17/08/23";20:50;21:02;"00:12";;;"6";78514;"6,5";"41";"15,12";""
"17/08/23";21:07;21:20;"00:13";;;"8";78523;"4,7";"41";"15,95";""
"17/08/23";21:41;21:47;"00:06";;;"4";78526;"11,1";"41";"15,95";""
"20/08/23";11:19;11:27;"00:08";;;"4";78530;"3,4";"41";"5,89";""
"20/08/23";11:30;11:45;"00:15";;;"8";78539;"6,4";"41";"21,84";""
"20/08/23";11:59;12:14;"00:15";;;"12";78551;"2,7";"41";"13,44";""
"20/08/23";14:09;14:10;"00:01";;;"0";78551;"10,1";"41";"0,84";""
"20/08/23";14:51;14:53;"00:02";;;"0";78551;"10,4";"41";"0,84";""
"20/08/23";15:23;16:01;"00:38";;;"21";78573;"3,4";"41";"29,39";""
"20/08/23";16:05;16:10;"00:05";;;"4";78576;"5,9";"41";"8,4";""
"20/08/23";16:24;16:36;"00:12";;;"4";78580;"11,3";"41";"17,64";""
"20/08/23";20:48;20:56;"00:08";;;"4";78584;"6,8";"41";"10,91";""
"20/08/23";22:41;22:48;"00:07";;;"4";78588;"5,7";"41";"10,08";""
"20/08/23";23:53;23:57;"00:04";;;"2";78590;"8,2";"41";"5,04";""
"21/08/23";13:06;13:09;"00:03";;;"2";78591;"2,7";"41";"1,69";""
"21/08/23";16:23;16:28;"00:05";;;"1";78592;"7,3";"41";"4,2";""
"21/08/23";16:29;16:30;"00:01";;;"0";78593;"20,1";"41";"0,84";""
"22/08/23";14:32;14:43;"00:11";;;"7";78600;"7";"41";"21";""
"22/08/23";15:20;15:20;"00:00";;;"0";78600;"0,1";"41";"0";""
"22/08/23";15:42;15:43;"00:01";;;"0";78601;"7";"41";"0,85";""
"22/08/23";15:56;16:00;"00:04";;;"3";78604;"7,9";"41";"10,08";""
"22/08/23";16:13;16:17;"00:04";;;"4";78607;"8,8";"41";"12,6";""
"22/08/23";17:47;17:50;"00:03";;;"1";78609;"8,8";"41";"5,04";""
"22/08/23";18:00;18:02;"00:02";;;"1";78610;"13,2";"41";"7,56";""
"23/08/23";14:09;14:16;"00:07";;;"4";78614;"10,8";"41";"16,79";""
"23/08/23";15:30;16:07;"00:37";;;"26";78640;"8,1";"41";"87,32";""
"23/08/23";16:24;16:26;"00:02";;;"0";78641;"13,5";"41";"1,68";""
"23/08/23";16:43;17:03;"00:20";;;"7";78647;"8,3";"41";"22,67";""
"23/08/23";17:45;17:50;"00:05";;;"1";78649;"12,3";"41";"5,04";""
"23/08/23";18:04;18:17;"00:13";;;"11";78659;"4,4";"41";"19,31";""
"23/08/23";18:19;18:27;"00:08";;;"6";78666;"3,6";"41";"9,24";""
"23/08/23";18:36;18:37;"00:00";;;"0";78666;"6,9";"41";"0,84";""
"23/08/23";18:49;18:59;"00:10";;;"7";78673;"7";"41";"19,31";""
"24/08/23";13:32;14:09;"00:37";;;"33";78705;"6,8";"41";"91,52";""
"24/08/23";21:28;21:36;"00:08";;;"5";78711;"5,9";"41";"12,6";""
"24/08/23";22:51;22:59;"00:08";;;"6";78716;"6,1";"41";"14,28";""
"25/08/23";17:36;18:12;"00:36";;;"33";78749;"5,4";"41";"72,22";""
"25/08/23";20:32;20:51;"00:19";;;"21";78770;"5,1";"41";"44,5";""
"25/08/23";22:50;23:07;"00:16";;;"12";78782;"4,8";"41";"22,67";""
"26/08/23";19:44;19:52;"00:08";;;"4";78786;"4,9";"41";"8,4";""
"26/08/23";20:14;20:17;"00:03";;;"1";78787;"5,9";"41";"1,69";""
"26/08/23";21:08;21:15;"00:06";;;"4";78790;"7,6";"41";"10,93";""
"29/08/23";21:24;21:31;"00:07";;;"4";78794;"6,5";"41";"10,08";""
"29/08/23";23:47;23:58;"00:10";;;"6";78800;"5,7";"41";"13,44";""
"30/08/23";10:19;10:21;"00:02";;;"1";78801;"4,4";"41";"2,52";""
"30/08/23";10:33;10:35;"00:02";;;"2";78803;"8,2";"41";"5,04";""
"31/08/23";20:12;20:18;"00:06";;;"4";78807;"4,6";"41";"7,55";""
"31/08/23";20:29;20:34;"00:05";;;"5";78812;"5,2";"41";"10,08";""
"31/08/23";20:51;20:55;"00:04";;;"2";78813;"5,5";"41";"3,37";""
"01/09/23";15:22;15:39;"00:17";;;"14";78827;"9,5";"41";"55,42";""
"01/09/23";15:53;15:58;"00:05";;;"1";78828;"29,1";"41";"8,39";""
"01/09/23";16:21;16:24;"00:03";;;"2";78830;"6,5";"41";"5,04";""
"01/09/23";16:32;16:48;"00:16";;;"13";78843;"6";"41";"31,07";""
"02/09/23";13:20;13:23;"00:03";;;"2";78845;"6,8";"41";"4,2";""
"02/09/23";17:38;17:42;"00:04";;;"2";78846;"10,9";"41";"6,72";""
"03/09/23";11:34;11:39;"00:05";;;"4";78850;"5,9";"41";"8,4";""
"03/09/23";11:52;11:57;"00:05";;;"4";78853;"8,2";"41";"11,75";""
"03/09/23";16:28;16:37;"00:09";;;"4";78857;"6,5";"41";"10,92";""
"03/09/23";16:39;16:50;"00:11";;;"9";78866;"8,2";"41";"28,55";""
"03/09/23";18:37;18:42;"00:05";;;"3";78869;"4,6";"41";"5,88";""
"03/09/23";21:18;21:34;"00:16";;;"12";78881;"5";"41";"23,51";""
"04/09/23";06:46;07:01;"00:15";;;"14";78895;"3,8";"41";"21,83";""
"04/09/23";07:03;07:22;"00:19";;;"14";78909;"4,5";"41";"25,2";""
"05/09/23";14:25;14:35;"00:10";;;"6";78915;"4,1";"41";"10,07";""
"05/09/23";14:45;14:46;"00:01";;;"0";78915;"0,1";"41";"0,01";""
"05/09/23";14:52;15:13;"00:21";;;"12";78926;"5,6";"41";"26,87";""
"08/09/23";10:47;10:49;"00:02";;;"0";78927;"6,8";"41";"0,85";""
"08/09/23";10:54;10:54;"00:00";;;"0";78927;"0,1";"41";"0";""
"08/09/23";11:25;11:43;"00:18";;;"12";78938;"3,4";"41";"15,96";""
"08/09/23";11:55;12:01;"00:06";;;"1";78939;"14,4";"41";"5,88";""
"08/09/23";12:14;12:33;"00:19";;;"14";78954;"4,6";"41";"26,87";""
"08/09/23";12:44;12:45;"00:01";;;"0";78954;"10,2";"41";"0,85";""
"08/09/23";12:49;13:00;"00:11";;;"7";78961;"8,8";"41";"25,19";""
"10/09/23";16:12;16:24;"00:12";;;"7";78968;"6,8";"41";"20,15";""
"10/09/23";18:18;18:29;"00:11";;;"4";78972;"7,6";"41";"10,92";""
"11/09/23";08:07;08:32;"00:25";;;"13";78985;"5,4";"41";"28,55";""
"11/09/23";08:34;08:42;"00:08";;;"4";78989;"6,7";"41";"10,91";""
"11/09/23";12:56;13:08;"00:12";;;"7";78996;"4,4";"41";"12,59";""
"11/09/23";13:27;13:31;"00:04";;;"1";78997;"6,8";"41";"2,52";""
"11/09/23";14:23;14:43;"00:20";;;"10";79007;"9,1";"41";"37,79";""
"11/09/23";14:43;14:44;"00:00";;;"0";79007;"20,1";"41";"0,84";""
"13/09/23";07:51;07:55;"00:04";;;"0";79007;"30,2";"41";"2,51";""
"13/09/23";15:23;15:27;"00:04";;;"1";79009;"4,4";"41";"2,52";""
"13/09/23";15:48;15:51;"00:03";;;"2";79010;"8,2";"41";"5,04";""
"14/09/23";08:17;08:28;"00:11";;;"7";79017;"4,3";"41";"11,76";""
"14/09/23";08:34;08:47;"00:13";;;"6";79023;"8,9";"41";"22,68";""
"14/09/23";08:48;08:48;"00:00";;;"0";79023;"20,2";"41";"0,84";""
"15/09/23";15:05;15:10;"00:05";;;"2";79025;"4,1";"41";"2,52";""
"15/09/23";20:40;20:44;"00:04";;;"2";79026;"8,2";"41";"5,04";""
"16/09/23";09:21;09:25;"00:04";;;"2";79028;"4,1";"41";"2,52";""
"16/09/23";09:27;09:30;"00:03";;;"2";79029;"6,8";"41";"4,2";""
"24/09/23";08:38;08:55;"00:17";;;"12";79041;"5,4";"41";"26,03";""
"24/09/23";08:58;08:58;"00:00";;;"0";79041;"0";"41";"0";""
"24/09/23";18:38;18:58;"00:20";;;"12";79052;"4,6";"41";"21,83";""
"26/09/23";13:43;13:54;"00:11";;;"6";79058;"4,7";"41";"10,92";""
"26/09/23";13:58;14:02;"00:04";;;"1";79059;"4,6";"41";"1,68";""
"26/09/23";14:50;15:11;"00:21";;;"13";79072;"4,2";"41";"22,68";""
"26/09/23";15:14;15:15;"00:01";;;"0";79072;"20,9";"41";"1,68";""
"26/09/23";15:25;15:27;"00:02";;;"0";79073;"20,2";"41";"2,52";""
"26/09/23";16:55;17:03;"00:08";;;"1";79074;"12,6";"41";"6,72";""
"26/09/23";22:15;22:36;"00:21";;;"9";79083;"6,3";"41";"21,83";""
"26/09/23";22:42;22:48;"00:06";;;"2";79085;"4,1";"41";"3,37";""
"27/09/23";09:46;10:00;"00:14";;;"8";79093;"3,9";"41";"13,43";""
"27/09/23";10:25;10:32;"00:07";;;"4";79096;"7";"41";"10,08";""
"28/09/23";18:37;19:19;"00:42";;;"27";79124;"3,8";"41";"41,99";""
"28/09/23";19:20;19:23;"00:03";;;"1";79125;"9,3";"41";"4,21";""
"30/09/23";16:54;17:01;"00:07";;;"4";79128;"4,7";"41";"6,72";""
"30/09/23";18:10;18:13;"00:03";;;"1";79129;"10,3";"41";"3,37";""
"30/09/23";18:25;18:28;"00:03";;;"3";79132;"6,2";"41";"8,39";""
"30/09/23";18:50;18:54;"00:04";;;"2";79134;"6,8";"41";"4,21";""
"01/10/23";08:23;08:39;"00:16";;;"12";79145;"6,4";"41";"30,23";""
"01/10/23";11:19;11:24;"00:05";;;"3";79148;"7,4";"41";"7,56";""
"01/10/23";13:28;13:48;"00:20";;;"14";79162;"5";"41";"27,71";""
"01/10/23";13:58;14:01;"00:03";;;"1";79163;"6,2";"41";"2,52";""
"01/10/23";14:28;14:38;"00:10";;;"7";79170;"7";"41";"20,15";""
"03/10/23";12:05;12:22;"00:17";;;"15";79184;"6,1";"41";"36,95";""
"03/10/23";13:27;13:29;"00:01";;;"1";79185;"8,2";"41";"1,68";""
"03/10/23";13:32;13:49;"00:17";;;"15";79199;"4,7";"41";"27,71";""
"04/10/23";09:33;09:37;"00:04";;;"1";79200;"14,5";"41";"4,19";""
"05/10/23";14:04;14:16;"00:12";;;"7";79207;"5";"41";"13,44";""
"05/10/23";15:33;15:46;"00:13";;;"6";79213;"7";"41";"18,47";""
"06/10/23";12:10;12:30;"00:20";;;"15";79228;"6,8";"41";"42,82";""
"06/10/23";16:25;16:38;"00:13";;;"13";79241;"4,4";"41";"22,68";""
"06/10/23";16:42;16:46;"00:04";;;"3";79244;"7,1";"41";"7,55";""
"07/10/23";10:44;10:52;"00:08";;;"6";79250;"4,5";"41";"10,91";""
"07/10/23";11:31;11:37;"00:06";;;"4";79254;"6,1";"41";"10,92";""
"07/10/23";11:59;12:06;"00:07";;;"4";79258;"7";"41";"11,76";""
"08/10/23";14:01;14:27;"00:26";;;"26";79284;"4,1";"41";"42,82";""
"08/10/23";17:44;17:53;"00:08";;;"4";79288;"6,1";"41";"10,92";""
"08/10/23";18:26;18:54;"00:28";;;"25";79313;"4,5";"41";"46,19";""
"11/10/23";11:56;12:09;"00:13";;;"6";79319;"4,3";"41";"10,08";""
"11/10/23";12:33;12:35;"00:02";;;"0";79319;"6,9";"41";"0,84";""
"11/10/23";12:44;12:46;"00:02";;;"0";79320;"5,1";"41";"0,85";""
"11/10/23";15:15;15:17;"00:02";;;"1";79321;"4,6";"41";"1,69";""
"11/10/23";15:36;15:51;"00:15";;;"7";79328;"5,9";"41";"17,64";""
"11/10/23";15:53;15:54;"00:00";;;"0";79328;"0,2";"41";"0,01";""
"12/10/23";18:56;19:14;"00:18";;;"13";79341;"5,8";"41";"30,22";""
"12/10/23";21:23;21:41;"00:18";;;"13";79354;"4,7";"41";"25,19";""
"13/10/23";16:56;17:04;"00:08";;;"7";79361;"4,7";"41";"12,6";""
"13/10/23";17:29;17:30;"00:01";;;"0";79361;"13,4";"41";"1,67";""
"13/10/23";17:32;17:35;"00:03";;;"3";79365;"5,4";"41";"7,56";""
"13/10/23";18:10;18:11;"00:01";;;"1";79365;"6,9";"41";"1,68";""
"13/10/23";18:21;18:27;"00:06";;;"4";79369;"8,5";"41";"12,6";""
"15/10/23";15:18;15:21;"00:03";;;"1";79370;"4,4";"41";"2,52";""
"15/10/23";15:40;15:46;"00:06";;;"2";79373;"10,2";"41";"8,4";""
"15/10/23";16:07;16:15;"00:08";;;"2";79374;"6";"41";"4,2";""
"15/10/23";17:13;17:15;"00:02";;;"0";79374;"20,1";"41";"0,84";""
"18/10/23";11:38;11:57;"00:19";;;"15";79389;"5,6";"41";"33,59";""
"18/10/23";12:46;12:50;"00:04";;;"2";79391;"4,8";"41";"3,35";""
"18/10/23";12:54;13:03;"00:09";;;"9";79400;"4,8";"41";"18,47";""
"18/10/23";13:17;13:21;"00:04";;;"4";79404;"8,2";"41";"11,76";""
"19/10/23";15:06;15:13;"00:06";;;"4";79408;"5";"41";"8,41";""
"19/10/23";15:15;15:35;"00:20";;;"20";79428;"5,1";"41";"41,99";""
"19/10/23";16:38;16:49;"00:11";;;"6";79434;"6";"41";"15,12";""
"19/10/23";17:17;17:31;"00:14";;;"14";79449;"4,6";"41";"26,87";""
"20/10/23";13:21;13:40;"00:19";;;"13";79462;"6,3";"41";"33,59";""
"20/10/23";14:06;14:07;"00:01";;;"0";79462;"6,7";"41";"0,84";""
"20/10/23";14:13;14:13;"00:00";;;"0";79463;"6,7";"41";"0,84";""
"20/10/23";14:27;14:44;"00:17";;;"12";79475;"4,9";"41";"24,35";""
"20/10/23";15:48;15:58;"00:10";;;"2";79476;"21,8";"41";"13,44";"Karavan İle"
"22/10/23";09:47;09:54;"00:07";;;"2";79479;"4,7";"41";"4,2";""
"22/10/23";10:01;10:07;"00:06";;;"2";79481;"9,3";"41";"8,4";""
"22/10/23";15:55;16:03;"00:08";;;"1";79482;"16";"41";"5,88";"Karavan İle"
"23/10/23";09:13;09:31;"00:18";;;"15";79496;"6,9";"41";"41,15";""
"23/10/23";10:15;10:33;"00:18";;;"15";79511;"4,2";"41";"25,19";""
"27/10/23";10:29;10:49;"00:20";;;"14";79525;"5,7";"41";"31,91";""
"27/10/23";12:08;12:09;"00:01";;;"1";79525;"4,1";"41";"0,84";""
"27/10/23";12:47;13:01;"00:14";;;"12";79538;"4,9";"41";"24,35";""
"28/10/23";09:53;09:54;"00:01";;;"0";79538;"20,2";"41";"0,84";""
"28/10/23";11:44;12:16;"00:32";;;"20";79558;"7,3";"41";"59,62";"Karavan İle"
"28/10/23";14:56;15:05;"00:09";;;"3";79560;"5";"41";"5,89";""
"28/10/23";16:16;16:19;"00:03";;;"1";79561;"6,8";"41";"2,52";""
"28/10/23";16:22;16:29;"00:07";;;"4";79565;"8,2";"41";"11,76";""
"28/10/23";16:56;17:05;"00:08";;;"2";79567;"7,2";"41";"5,87";""
"28/10/23";18:51;18:56;"00:05";;;"2";79569;"7,5";"41";"5,87";""
"29/10/23";11:09;11:10;"00:01";;;"0";79569;"20,1";"41";"1,67";""
"29/10/23";11:25;11:26;"00:01";;;"0";79570;"0";"41";"0";""
"29/10/23";18:48;18:53;"00:05";;;"0";79570;"141,4";"41";"5,89";"Karavan İle"
"29/10/23";19:32;20:02;"00:29";;;"20";79589;"9,6";"41";"78,09";"Karavan İle"
"01/11/23";15:54;16:09;"00:15";;;"12";79601;"6,7";"41";"31,91";""
"01/11/23";17:24;17:37;"00:12";;;"12";79613;"3,5";"41";"17,64";""
"01/11/23";17:47;18:10;"00:23";;;"19";79633;"4,6";"41";"36,11";""
"01/11/23";18:36;18:42;"00:06";;;"5";79638;"8,7";"41";"18,47";""
"02/11/23";15:23;15:56;"00:33";;;"40";79677;"6";"41";"97,41";""
"02/11/23";16:52;17:25;"00:33";;;"35";79712;"5,2";"41";"74,74";""
"02/11/23";18:22;18:34;"00:12";;;"11";79723;"4,5";"41";"19,32";""
"02/11/23";18:39;18:45;"00:06";;;"4";79726;"7,4";"41";"10,92";""
"03/11/23";07:30;08:10;"00:40";;;"33";79759;"8,7";"41";"115,88";"Karavan İle"
"03/11/23";09:13;09:14;"00:01";;;"0";79760;"20,1";"41";"0,84";"Karavan İle"
"05/11/23";09:52;09:54;"00:02";;;"0";79760;"10,1";"41";"0,84";"Karavan İle"
"05/11/23";11:34;12:14;"00:40";;;"26";79786;"7,8";"41";"83,97";"Karavan İle"
"07/11/23";08:56;09:13;"00:17";;;"12";79798;"6,1";"41";"28,56";""
"07/11/23";13:01;13:02;"00:01";;;"0";79798;"10,1";"41";"0,84";""
"07/11/23";13:05;13:06;"00:01";;;"0";79798;"0,1";"41";"0";""
"07/11/23";13:08;13:13;"00:04";;;"2";79800;"6";"41";"5,88";""
"07/11/23";13:17;13:22;"00:05";;;"2";79802;"5,1";"41";"3,36";""
"07/11/23";15:28;15:36;"00:07";;;"3";79805;"7,5";"41";"9,24";""
"07/11/23";16:03;16:19;"00:16";;;"12";79817;"5,1";"41";"24,35";""
"10/11/23";09:55;10:04;"00:09";;;"4";79821;"4,9";"41";"8,4";""
"10/11/23";10:07;10:18;"00:11";;;"7";79828;"6,4";"41";"19,31";""
"10/11/23";10:22;10:26;"00:04";;;"2";79831;"4,3";"41";"4,2";""
"10/11/23";10:32;10:49;"00:17";;;"11";79841;"3,7";"41";"15,95";""
"10/11/23";11:14;11:30;"00:16";;;"3";79844;"7,1";"41";"7,56";""
"10/11/23";11:33;11:58;"00:25";;;"12";79856;"4,9";"41";"23,51";""
"10/11/23";12:22;12:35;"00:13";;;"8";79863;"5,9";"41";"18,48";""
"10/11/23";13:48;13:51;"00:03";;;"1";79864;"5,2";"41";"2,53";""
"10/11/23";14:01;14:18;"00:17";;;"11";79875;"4,8";"41";"21,83";""
"10/11/23";14:21;14:22;"00:01";;;"0";79876;"0,2";"41";"0,01";""
"10/11/23";17:43;17:50;"00:07";;;"3";79879;"5,5";"41";"6,72";""
"10/11/23";18:26;18:32;"00:05";;;"3";79881;"8,8";"41";"10,08";""
"11/11/23";12:33;12:40;"00:07";;;"4";79885;"6,5";"41";"10,08";""
"11/11/23";12:50;12:55;"00:04";;;"2";79887;"0,9";"41";"0,85";""
"11/11/23";13:11;13:19;"00:08";;;"5";79893;"7,1";"41";"15,12";""
"12/11/23";09:38;09:40;"00:02";;;"1";79894;"4,4";"41";"2,52";""
"12/11/23";09:44;09:48;"00:04";;;"1";79895;"10,2";"41";"5,88";""
"12/11/23";12:21;12:47;"00:26";;;"18";79914;"5,8";"41";"43,67";""
"12/11/23";12:50;13:21;"00:31";;;"19";79932;"6,7";"41";"51,22";""
"13/11/23";23:02;23:37;"00:35";;;"32";79964;"4,9";"41";"63,82";""
"15/11/23";06:23;07:01;"00:38";;;"31";79995;"4,8";"41";"61,3";""
"15/11/23";09:57;09:58;"00:01";;;"0";79996;"0";"41";"0";""
"15/11/23";09:59;10:01;"00:02";;;"1";79997;"5,6";"41";"2,52";""
"15/11/23";10:02;10:05;"00:03";;;"2";79998;"6,8";"41";"4,21";""
"16/11/23";12:24;12:31;"00:07";;;"4";80002;"7,5";"41";"11,76";""
"16/11/23";12:38;12:42;"00:04";;;"2";80004;"0,9";"41";"0,84";""
"16/11/23";13:03;13:09;"00:06";;;"4";80008;"6,8";"41";"10,92";""
"16/11/23";13:11;13:18;"00:07";;;"4";80012;"7,6";"41";"10,91";""
"17/11/23";08:39;08:42;"00:03";;;"1";80013;"5,9";"41";"3,36";""
"17/11/23";08:45;08:48;"00:03";;;"2";80015;"8,2";"41";"5,04";""
"18/11/23";10:16;10:20;"00:03";;;"1";80016;"5,9";"41";"3,36";""
"18/11/23";10:21;10:24;"00:02";;;"2";80018;"8,2";"41";"5,04";""
"19/11/23";12:24;12:29;"00:04";;;"3";80021;"5,6";"41";"6,72";""
"19/11/23";13:10;13:25;"00:15";;;"10";80030;"7,8";"41";"31,07";""
"19/11/23";19:51;20:10;"00:19";;;"13";80043;"5,5";"41";"28,55";""
"19/11/23";20:28;20:28;"00:00";;;"0";80044;"0";"41";"0";""
"19/11/23";20:58;21:06;"00:08";;;"5";80049;"9,1";"41";"19,32";""
"21/11/23";18:05;18:22;"00:17";;;"12";80061;"7,3";"41";"35,27";""
"21/11/23";18:33;18:33;"00:00";;;"0";80061;"19,9";"41";"0,83";""
"21/11/23";18:56;19:10;"00:14";;;"8";80069;"5,4";"41";"17,63";""
"21/11/23";20:25;20:40;"00:15";;;"8";80077;"6,6";"41";"21,84";""
"21/11/23";20:51;21:03;"00:12";;;"8";80084;"4";"41";"12,6";""
"21/11/23";21:30;21:34;"00:04";;;"3";80087;"8,1";"41";"9,24";""
"22/11/23";13:32;13:43;"00:11";;;"6";80093;"5,1";"41";"11,76";""
"22/11/23";13:46;13:47;"00:01";;;"0";80093;"0";"41";"0";""
"22/11/23";13:57;13:58;"00:00";;;"0";80093;"0,1";"41";"0,01";""
"22/11/23";14:00;14:03;"00:03";;;"1";80094;"6,9";"41";"1,68";""
"22/11/23";15:33;15:49;"00:16";;;"6";80100;"7,2";"41";"16,79";""
"22/11/23";16:03;16:09;"00:06";;;"4";80103;"6,8";"41";"10,08";""
"23/11/23";17:31;17:37;"00:06";;;"4";80107;"6,4";"41";"9,23";""
"23/11/23";17:43;17:44;"00:01";;;"1";80107;"3,4";"41";"0,84";""
"23/11/23";18:06;18:10;"00:04";;;"3";80110;"8,4";"41";"9,23";""
"24/11/23";12:48;12:50;"00:02";;;"0";80110;"40,2";"41";"1,67";"Karavan İle"
"24/11/23";12:53;13:02;"00:09";;;"4";80114;"7,2";"41";"11,76";"Karavan İle"
"24/11/23";13:03;13:27;"00:24";;;"21";80136;"10,3";"41";"89,85";"Karavan İle"
"24/11/23";13:31;13:37;"00:06";;;"3";80138;"9,5";"41";"10,08";"Karavan İle"
"24/11/23";13:54;13:55;"00:01";;;"0";80139;"10,1";"41";"0,84";"Karavan İle"
"25/11/23";13:38;13:56;"00:18";;;"9";80147;"7,5";"41";"26,87";""
"25/11/23";14:05;14:13;"00:07";;;"3";80150;"4,6";"41";"5,88";""
"25/11/23";15:20;15:29;"00:09";;;"4";80155;"7";"41";"12,6";""
"26/11/23";10:49;10:51;"00:02";;;"0";80155;"20,3";"41";"0,84";""
"26/11/23";11:54;12:28;"00:34";;;"26";80181;"8,6";"41";"92,37";""
"26/11/23";14:20;14:25;"00:05";;;"2";80183;"6,8";"41";"4,2";""
"26/11/23";17:26;17:28;"00:02";;;"1";80184;"11,6";"41";"6,71";""
"27/11/23";16:43;16:48;"00:05";;;"3";80187;"5,7";"41";"6,72";""
"27/11/23";17:24;17:29;"00:05";;;"3";80190;"9,2";"41";"10,92";""
"30/11/23";08:04;08:13;"00:09";;;"4";80194;"7,6";"41";"13,44";""
"30/11/23";08:15;08:28;"00:13";;;"7";80202;"7,2";"41";"21,84";""
"30/11/23";10:22;10:39;"00:16";;;"8";80210;"6,2";"41";"21";""
"30/11/23";14:27;14:43;"00:16";;;"7";80217;"7,1";"41";"20,16";""
"30/11/23";15:17;15:43;"00:25";;;"14";80231;"5,5";"41";"31,91";""
"03/12/23";10:56;11:18;"00:22";;;"17";80248;"6,1";"41";"41,98";""
"03/12/23";12:24;12:40;"00:16";;;"7";80255;"6,9";"41";"20,16";""
"03/12/23";14:53;15:14;"00:21";;;"18";80273;"4,6";"41";"33,59";""
"06/12/23";11:30;11:39;"00:09";;;"6";80279;"5,4";"38";"11,68";""
"06/12/23";11:39;11:40;"00:00";;;"0";80279;"10,5";"38";"0,78";""
"06/12/23";12:04;12:05;"00:00";;;"0";80279;"0,1";"38";"0,01";""
"06/12/23";12:17;12:17;"00:00";;;"0";80279;"10,4";"38";"0,78";""
"06/12/23";12:36;12:37;"00:01";;;"0";80280;"0,1";"38";"0";""
"06/12/23";13:01;13:05;"00:04";;;"3";80283;"7,2";"38";"9,34";""
"06/12/23";13:25;13:30;"00:05";;;"3";80286;"8,5";"38";"9,34";""
"06/12/23";16:57;17:00;"00:03";;;"1";80287;"5,9";"38";"3,11";""
"06/12/23";17:44;17:48;"00:04";;;"2";80289;"9,6";"38";"5,45";""
"07/12/23";12:21;12:26;"00:05";;;"2";80290;"8,9";"38";"5,45";""
"07/12/23";12:53;12:58;"00:05";;;"2";80292;"10,8";"38";"7,01";""
"09/12/23";16:54;17:08;"00:14";;;"12";80304;"7,1";"38";"31,13";""
"09/12/23";18:21;18:35;"00:13";;;"12";80316;"5,3";"38";"24,13";""
"10/12/23";11:48;11:52;"00:04";;;"1";80317;"5,9";"38";"3,11";""
"10/12/23";11:58;12:00;"00:02";;;"1";80318;"10,3";"38";"4,67";""
"10/12/23";13:21;13:40;"00:19";;;"13";80332;"6";"38";"30,36";""
"10/12/23";14:58;15:00;"00:02";;;"1";80332;"6,9";"38";"1,56";""
"10/12/23";15:18;15:31;"00:13";;;"12";80344;"4,1";"38";"17,9";""
"12/12/23";20:31;20:42;"00:11";;;"8";80364;"4,5";"38";"14,01";""
"12/12/23";21:11;21:17;"00:05";;;"3";80367;"8,5";"38";"9,35";""
"16/12/23";17:45;17:52;"00:07";;;"4";80370;"6,3";"38";"8,57";""
"16/12/23";17:54;18:23;"00:29";;;"10";80380;"7,8";"38";"29,58";""
"16/12/23";21:51;22:09;"00:18";;;"13";80393;"4,6";"38";"21,79";""
"16/12/23";22:13;22:24;"00:11";;;"7";80399;"6,6";"38";"16,35";""
"17/12/23";09:58;10:28;"00:30";;;"20";80419;"6";"36";"43,5";""
"17/12/23";11:49;12:16;"00:26";;;"8";80428;"7,5";"36";"22,12";""
"17/12/23";12:39;12:45;"00:06";;;"3";80431;"3,6";"36";"4,43";""
"17/12/23";13:39;13:44;"00:05";;;"2";80433;"6";"36";"3,69";""
"17/12/23";13:52;13:53;"00:01";;;"0";80433;"10,5";"36";"0,74";""
"17/12/23";14:01;14:21;"00:20";;;"9";80443;"5,9";"36";"19,91";""
"17/12/23";20:20;20:40;"00:20";;;"13";80456;"5,2";"36";"24,33";""
"18/12/23";17:02;17:08;"00:06";;;"4";80460;"6,8";"36";"8,84";""
"18/12/23";17:29;17:36;"00:07";;;"4";80463;"8";"36";"10,33";""
"20/12/23";12:20;12:30;"00:10";;;"6";80469;"5,4";"36";"11,8";""
"20/12/23";13:04;13:05;"00:01";;;"0";80470;"10";"36";"0,73";""
"20/12/23";13:40;13:48;"00:08";;;"5";80475;"7,5";"36";"14,01";""
"21/12/23";11:45;12:04;"00:19";;;"15";80490;"6,2";"36";"32,44";""
"21/12/23";12:44;12:46;"00:02";;;"0";80490;"5,2";"36";"0,74";""
"21/12/23";13:26;13:44;"00:18";;;"14";80504;"5,3";"36";"27,27";""
"21/12/23";15:23;15:26;"00:03";;;"1";80506;"4,4";"36";"2,21";""
"21/12/23";15:44;15:48;"00:04";;;"1";80507;"8,8";"36";"4,43";""
"23/12/23";14:05;14:30;"00:25";;;"26";80533;"7,3";"36";"69,3";""
"23/12/23";17:20;17:42;"00:22";;;"6";80539;"7";"36";"14,01";""
"23/12/23";21:10;21:41;"00:31";;;"19";80558;"6,3";"36";"43,5";""
"24/12/23";13:28;13:45;"00:17";;;"12";80569;"6,9";"36";"28,76";""
"24/12/23";14:03;14:23;"00:20";;;"9";80578;"5,7";"36";"18,43";""
"24/12/23";15:07;15:27;"00:20";;;"7";80586;"8,5";"36";"22,13";""
"24/12/23";18:12;18:13;"00:01";;;"0";80586;"10,5";"36";"0,74";""
"24/12/23";18:25;18:26;"00:01";;;"0";80586;"10";"36";"0,73";""
"24/12/23";18:28;18:29;"00:01";;;"0";80586;"20,2";"36";"0,74";""
"24/12/23";18:32;18:47;"00:15";;;"12";80598;"5,3";"36";"22,12";""
"28/12/23";12:06;12:13;"00:07";;;"4";80601;"5,8";"36";"7,37";"Karavan İle"
"28/12/23";12:49;12:51;"00:02";;;"1";80602;"5,9";"36";"1,48";"Karavan İle"
"28/12/23";13:11;13:16;"00:05";;;"3";80605;"9,2";"36";"9,59";"Karavan İle"
"29/12/23";09:23;09:32;"00:09";;;"4";80608;"8";"36";"10,32";""
"29/12/23";09:38;10:08;"00:30";;;"24";80632;"9,6";"36";"83,32";""
"29/12/23";10:37;10:38;"00:01";;;"0";80633;"0,1";"36";"0";""
"29/12/23";14:45;15:06;"00:21";;;"11";80643;"4,5";"36";"16,96";""
"29/12/23";17:18;17:33;"00:15";;;"10";80653;"6,1";"36";"21,39";""
"31/12/23";16:01;16:07;"00:06";;;"4";80656;"6,3";"36";"8,11";""
"31/12/23";17:00;17:06;"00:06";;;"4";80660;"7,7";"36";"10,32";""
"01/01/24";13:05;13:08;"00:03";;;"0";80660;"40,3";"36";"1,47";"Karavan İle"
"01/01/24";14:18;14:47;"00:29";;;"23";80683;"7,8";"36";"64,88";"Karavan İle"
"01/01/24";14:58;15:05;"00:07";;;"3";80686;"14,1";"36";"14,75";"Karavan İle"
"03/01/24";10:01;10:04;"00:03";;;"1";80688;"7,3";"36";"3,68";""
"03/01/24";10:06;10:10;"00:03";;;"2";80689;"9,6";"36";"5,16";""
"04/01/24";15:26;15:47;"00:21";;;"12";80701;"7,7";"36";"33,19";""
"04/01/24";18:46;18:48;"00:02";;;"0";80701;"20,7";"36";"2,21";""
"04/01/24";19:03;19:06;"00:03";;;"1";80702;"10,2";"36";"2,95";""
"04/01/24";19:16;19:32;"00:16";;;"12";80714;"5,6";"36";"23,6";""
"05/01/24";11:27;11:42;"00:15";;;"11";80725;"5,9";"36";"23,59";""
"05/01/24";11:45;11:49;"00:04";;;"1";80726;"6,2";"36";"2,22";""
"05/01/24";11:55;11:56;"00:01";;;"0";80727;"10";"36";"0,73";""
"05/01/24";12:24;12:39;"00:15";;;"12";80738;"3,9";"36";"16,22";""
"06/01/24";16:36;16:43;"00:07";;;"4";80742;"7,5";"36";"10,32";""
"06/01/24";17:04;17:08;"00:04";;;"2";80744;"0,9";"36";"0,75";""
"06/01/24";17:35;17:36;"00:01";;;"0";80744;"0,1";"36";"0,01";""
"06/01/24";17:58;18:03;"00:05";;;"4";80748;"7";"36";"10,33";""
"06/01/24";18:05;18:06;"00:01";;;"0";80749;"0,2";"36";"0,01";""
"06/01/24";18:24;18:31;"00:07";;;"4";80752;"10,8";"36";"14,01";""
"09/01/24";15:04;15:22;"00:18";;;"11";80763;"7";"36";"28,02";""
"09/01/24";15:27;15:41;"00:14";;;"5";80769;"5,7";"36";"11,06";""
"09/01/24";20:28;20:31;"00:03";;;"1";80770;"5,9";"36";"2,95";""
"09/01/24";20:45;21:00;"00:15";;;"12";80783;"5,3";"36";"23,59";""
"13/01/24";16:27;16:44;"00:17";;;"11";80794;"7,3";"36";"28,76";""
"13/01/24";19:50;20:00;"00:10";;;"8";80801;"4,9";"36";"13,27";""
"13/01/24";20:23;20:30;"00:07";;;"4";80805;"12,3";"36";"15,48";""
"14/01/24";11:14;11:16;"00:02";;;"1";80806;"5,9";"36";"2,95";""
"14/01/24";11:18;11:21;"00:03";;;"1";80808;"9,4";"36";"4,43";""
"18/01/24";12:27;13:00;"00:33";;;"36";80843;"5";"36";"63,41";""
"18/01/24";15:22;15:52;"00:30";;;"31";80874;"5,7";"36";"64,14";""
"18/01/24";16:19;16:21;"00:02";;;"1";80875;"5,1";"36";"1,48";""
"18/01/24";16:39;16:44;"00:05";;;"3";80878;"8,1";"36";"8,11";""
"19/01/24";11:35;12:11;"00:35";;;"28";80906;"9,5";"36";"94,38";"Karavan İle"
"19/01/24";12:27;12:29;"00:02";;;"0";80906;"10,6";"36";"0,74";"Karavan İle"
"20/01/24";15:17;15:43;"00:25";;;"11";80917;"5,6";"36";"22,86";""
"20/01/24";18:24;18:50;"00:26";;;"11";80928;"6,9";"36";"26,55";""
"23/01/24";14:56;15:20;"00:24";;;"13";80941;"5,9";"36";"28,01";""
"23/01/24";15:54;16:09;"00:15";;;"3";80944;"7";"36";"7,38";""
"23/01/24";18:36;18:59;"00:22";;;"4";80949;"11,4";"36";"17,7";""
"23/01/24";19:31;19:39;"00:08";;;"1";80950;"5,9";"36";"2,95";""
"23/01/24";19:41;20:05;"00:23";;;"11";80961;"6,5";"36";"26,55";""
"24/01/24";13:16;13:49;"00:33";;;"26";80987;"8,2";"36";"76,67";""
"25/01/24";10:09;10:30;"00:21";;;"15";81002;"6,2";"36";"33,18";""
"25/01/24";18:09;18:15;"00:06";;;"4";81007;"7,6";"36";"11,8";""
"25/01/24";18:25;18:26;"00:01";;;"0";81007;"0,1";"36";"0,01";""
"25/01/24";18:37;18:51;"00:14";;;"11";81018;"4,9";"36";"19,9";""
"26/01/24";08:14;08:32;"00:18";;;"17";81035;"5,5";"36";"33,18";""
"26/01/24";08:36;08:42;"00:06";;;"2";81037;"7,9";"36";"5,16";""
"26/01/24";08:57;09:02;"00:05";;;"2";81039;"9,8";"36";"7,37";""
"26/01/24";09:36;09:42;"00:06";;;"0";81039;"80,8";"36";"2,95";""
"26/01/24";09:54;10:03;"00:09";;;"8";81047;"8,8";"36";"25,07";""
"26/01/24";10:39;10:48;"00:09";;;"7";81054;"7,4";"36";"17,7";""
"26/01/24";11:44;12:16;"00:32";;;"18";81072;"6,9";"36";"44,98";""
"26/01/24";13:39;13:42;"00:03";;;"1";81073;"17,5";"36";"4,42";""
"26/01/24";13:59;14:10;"00:11";;;"5";81078;"8,7";"36";"16,22";""
"26/01/24";14:27;14:29;"00:02";;;"1";81079;"7,7";"36";"2,22";""
"26/01/24";14:31;14:35;"00:04";;;"3";81082;"3,7";"36";"3,69";""
"26/01/24";14:40;14:53;"00:13";;;"9";81091;"7,3";"36";"22,85";""
"27/01/24";09:30;09:38;"00:08";;;"5";81096;"7";"36";"12,53";""
"27/01/24";09:50;09:55;"00:05";;;"3";81099;"8,3";"36";"8,11";""
"27/01/24";12:59;13:07;"00:07";;;"4";81102;"5,1";"36";"6,64";""
"27/01/24";13:22;13:28;"00:06";;;"3";81105;"8,1";"36";"8,11";""
"29/01/24";20:43;20:50;"00:07";;;"3";81108;"8,9";"36";"9,58";""
"29/01/24";21:14;21:20;"00:06";;;"3";81111;"10,6";"36";"11,06";""
"01/02/24";15:57;16:14;"00:17";;;"11";81122;"7,1";"36";"28,02";""
"01/02/24";17:26;17:31;"00:05";;;"2";81124;"6,8";"36";"5,9";""
"01/02/24";17:34;17:35;"00:01";;;"0";81125;"6,9";"36";"0,74";""
"01/02/24";18:05;18:06;"00:01";;;"0";81125;"6,8";"36";"0,74";""
"01/02/24";21:17;21:33;"00:16";;;"12";81137;"5,6";"36";"23,6";""
"02/02/24";10:44;11:00;"00:16";;;"15";81152;"7,3";"36";"39,07";""
"02/02/24";16:51;16:59;"00:08";;;"4";81156;"6,7";"36";"10,33";""
"02/02/24";17:09;17:22;"00:13";;;"12";81168;"3,9";"36";"16,22";""
"03/02/24";12:03;12:34;"00:31";;;"18";81186;"8";"36";"52,35";""
"03/02/24";12:52;12:55;"00:03";;;"1";81187;"10,3";"36";"2,95";""
"03/02/24";13:02;13:03;"00:01";;;"0";81187;"6,7";"36";"0,74";""
"03/02/24";13:06;13:08;"00:02";;;"0";81188;"5,1";"36";"0,74";""
"03/02/24";13:22;13:51;"00:28";;;"18";81206;"5,4";"36";"34,66";""
"04/02/24";12:36;12:52;"00:16";;;"8";81214;"7,3";"36";"22,12";""
"04/02/24";13:14;13:15;"00:01";;;"0";81214;"10,1";"36";"0,74";""
"04/02/24";13:39;13:49;"00:10";;;"7";81221;"8,5";"36";"19,91";""
"06/02/24";14:50;15:06;"00:16";;;"11";81231;"6,8";"36";"25,81";""
"06/02/24";15:10;15:17;"00:07";;;"3";81235;"5,8";"36";"6,64";""
"06/02/24";17:54;18:08;"00:14";;;"10";81245;"4,8";"36";"16,95";""
"06/02/24";18:10;18:15;"00:05";;;"3";81247;"7,8";"36";"8,11";""
"08/02/24";14:47;14:53;"00:06";;;"4";81251;"6,8";"36";"8,85";""
"08/02/24";14:55;15:17;"00:22";;;"23";81274;"4,7";"36";"39,08";""
"08/02/24";15:18;15:33;"00:14";;;"8";81282;"5,2";"36";"14,75";""
"08/02/24";16:18;16:22;"00:04";;;"1";81283;"10,3";"36";"2,96";""
"08/02/24";16:39;16:52;"00:13";;;"8";81291;"5";"36";"14,01";""
"08/02/24";16:55;17:02;"00:07";;;"6";81296;"4,3";"36";"8,85";""
"08/02/24";17:39;17:44;"00:05";;;"3";81299;"9,2";"36";"9,58";""
"10/02/24";13:20;13:39;"00:19";;;"15";81314;"5,7";"36";"30,97";""
"10/02/24";17:34;17:54;"00:20";;;"15";81329;"5";"36";"26,54";""
"11/02/24";10:39;10:54;"00:15";;;"11";81340;"6,5";"43";"30,83";""
"11/02/24";12:13;12:17;"00:04";;;"3";81343;"6,1";"43";"7,05";""
"11/02/24";16:47;16:53;"00:06";;;"2";81345;"8,6";"43";"7,05";""
"11/02/24";17:38;17:42;"00:04";;;"2";81347;"6,2";"43";"6,17";""
"11/02/24";17:45;17:56;"00:11";;;"8";81355;"4";"43";"14,09";""
"11/02/24";18:09;18:13;"00:04";;;"3";81358;"8,4";"43";"9,68";""
"12/02/24";14:21;14:53;"00:32";;;"26";81385;"4,7";"43";"52,84";""
"12/02/24";16:24;16:52;"00:28";;;"23";81408;"4,9";"43";"48,43";""
"12/02/24";17:15;17:19;"00:04";;;"3";81411;"7,6";"43";"8,8";""
"13/02/24";12:54;13:04;"00:10";;;"6";81417;"5,5";"43";"14,09";""
"13/02/24";13:12;13:23;"00:11";;;"7";81424;"7,3";"43";"21,14";""
"13/02/24";16:53;17:11;"00:18";;;"13";81437;"8,1";"43";"44,91";""
"13/02/24";17:43;17:49;"00:06";;;"2";81438;"6,5";"43";"5,29";""
"13/02/24";18:04;18:08;"00:04";;;"2";81440;"5,1";"43";"3,52";""
"13/02/24";18:18;18:29;"00:11";;;"9";81450;"4,2";"43";"16,72";""
"13/02/24";18:40;18:45;"00:05";;;"3";81453;"7,3";"43";"8,8";""
"14/02/24";14:52;14:58;"00:06";;;"4";81456;"6,3";"43";"9,7";""
"14/02/24";15:00;15:09;"00:08";;;"9";81465;"5,2";"43";"20,26";""
"14/02/24";15:18;15:33;"00:15";;;"12";81477;"5,3";"43";"26,42";""
"14/02/24";18:05;18:34;"00:29";;;"21";81498;"5";"43";"45,8";""
"14/02/24";18:51;18:56;"00:05";;;"3";81501;"9,5";"43";"11,44";""
"15/02/24";12:43;12:57;"00:14";;;"11";81512;"6,8";"43";"33,47";""
"15/02/24";13:01;13:08;"00:07";;;"5";81517;"5,8";"43";"11,44";""
"15/02/24";17:20;17:37;"00:17";;;"15";81532;"4,7";"43";"29,95";""
"17/02/24";16:51;16:59;"00:08";;;"6";81537;"5,2";"43";"12,33";""
"17/02/24";17:22;17:22;"00:00";;;"0";81538;"0";"43";"0";""
"17/02/24";17:36;17:42;"00:06";;;"4";81542;"7,3";"43";"13,22";""
"17/02/24";18:10;18:17;"00:07";;;"4";81545;"8,8";"43";"13,21";""
"18/02/24";10:20;10:54;"00:34";;;"29";81574;"4,9";"43";"60,76";""
"18/02/24";11:54;12:23;"00:29";;;"21";81595;"4,3";"43";"39,63";""
"20/02/24";09:06;09:09;"00:03";;;"2";81597;"6,8";"43";"4,4";""
"20/02/24";09:11;09:13;"00:02";;;"1";81598;"9,4";"43";"4,4";""
"20/02/24";13:05;13:31;"00:26";;;"15";81614;"6,4";"43";"42,27";""
"20/02/24";14:08;14:18;"00:10";;;"4";81618;"7";"43";"12,33";""
"20/02/24";16:58;17:12;"00:14";;;"9";81627;"5,2";"43";"21,14";""
"20/02/24";19:58;20:00;"00:02";;;"1";81628;"8,2";"43";"1,77";""
"20/02/24";20:03;20:20;"00:17";;;"12";81639;"4,8";"43";"23,78";""
"23/02/24";18:46;18:51;"00:05";;;"3";81645;"9,9";"43";"12,34";""
"24/02/24";16:30;16:43;"00:13";;;"10";81656;"5,8";"43";"25,53";""
"24/02/24";16:45;16:46;"00:00";;;"0";81656;"10,5";"43";"0,88";""
"24/02/24";16:48;16:48;"00:00";;;"0";81656;"0";"43";"0";""
"24/02/24";16:57;17:11;"00:14";;;"10";81666;"4,2";"43";"18,5";""
"25/02/24";07:52;08:12;"00:20";;;"17";81683;"3,7";"43";"27,3";""
"25/02/24";08:19;08:20;"00:01";;;"0";81684;"0,1";"43";"0";""
"25/02/24";08:22;08:28;"00:06";;;"3";81686;"11,4";"43";"13,21";""
"25/02/24";09:32;09:48;"00:16";;;"4";81690;"4,4";"43";"7,05";""
"25/02/24";09:53;10:08;"00:15";;;"3";81693;"14,1";"43";"19,37";""
"25/02/24";10:13;10:17;"00:04";;;"2";81695;"2,3";"43";"1,77";""
"25/02/24";10:39;11:05;"00:26";;;"15";81710;"5,4";"43";"34,35";""
"25/02/24";11:19;11:32;"00:13";;;"3";81713;"9,3";"43";"13,22";""
"25/02/24";12:33;12:37;"00:04";;;"1";81714;"6,8";"43";"2,64";""
"28/02/24";08:36;08:50;"00:14";;;"8";81736;"6,9";"43";"23,78";""
"28/02/24";08:54;09:00;"00:06";;;"5";81741;"7,9";"43";"17,61";""
"28/02/24";11:50;12:28;"00:38";;;"31";81772;"3,9";"43";"51,08";""
"28/02/24";13:02;13:40;"00:38";;;"30";81802;"5";"43";"65,17";""
"01/03/24";15:09;15:16;"00:06";;;"4";81806;"6,1";"43";"9,69";""
"01/03/24";15:26;15:46;"00:20";;;"11";81817;"6,7";"43";"31,71";""
"01/03/24";16:28;16:43;"00:15";;;"12";81829;"4,2";"43";"21,14";""
"01/03/24";16:54;16:58;"00:04";;;"3";81831;"7,1";"43";"7,93";""
"02/03/24";12:40;12:59;"00:19";;;"11";81843;"6,5";"43";"30,82";""
"02/03/24";16:07;16:26;"00:19";;;"11";81854;"5,2";"43";"24,66";""
"03/03/24";12:27;12:55;"00:27";;;"18";81871;"6,1";"43";"46,68";""
"03/03/24";12:58;13:00;"00:02";;;"0";81872;"6,9";"43";"0,88";""
"03/03/24";15:20;15:24;"00:04";;;"1";81873;"7,3";"43";"4,41";""
"03/03/24";15:44;15:45;"00:01";;;"0";81874;"10,1";"43";"0,89";""
"03/03/24";16:16;16:28;"00:12";;;"11";81885;"4";"43";"19,38";""
"03/03/24";16:50;16:52;"00:02";;;"2";81887;"8";"43";"6,16";""
"03/03/24";17:01;17:02;"00:01";;;"1";81888;"11,4";"43";"4,4";""
"05/03/24";13:50;14:03;"00:13";;;"7";81894;"4,3";"43";"12,33";""
"05/03/24";15:05;15:20;"00:15";;;"8";81902;"6,4";"43";"22,02";""
"06/03/24";13:02;13:21;"00:19";;;"15";81917;"6,7";"43";"43,15";""
"06/03/24";16:39;16:50;"00:11";;;"12";81929;"4,3";"43";"22,02";""
"06/03/24";16:59;17:04;"00:05";;;"3";81932;"8,8";"43";"10,57";""
"07/03/24";20:27;20:34;"00:07";;;"3";81935;"7,3";"43";"9,68";""
"07/03/24";21:07;21:12;"00:05";;;"3";81938;"9,9";"43";"12,33";""
"09/03/24";12:32;13:05;"00:33";;;"29";81967;"5,4";"43";"66,93";""
"09/03/24";13:47;14:11;"00:24";;;"21";81988;"5,9";"43";"52,84";""
"09/03/24";15:40;15:47;"00:07";;;"2";81990;"7,7";"43";"7,93";""
"09/03/24";15:50;15:53;"00:03";;;"1";81991;"7,6";"43";"2,64";""
"09/03/24";15:56;16:09;"00:13";;;"8";81999;"3,8";"43";"13,22";""
"09/03/24";16:48;16:54;"00:06";;;"4";82003;"8";"43";"12,34";""
"10/03/24";13:25;13:34;"00:08";;;"5";82008;"4,9";"43";"11,45";""
"10/03/24";13:44;13:45;"00:01";;;"0";82009;"5,1";"43";"0,88";""
"10/03/24";13:49;14:21;"00:32";;;"23";82031;"4,4";"43";"43,16";""
"10/03/24";15:38;15:43;"00:05";;;"2";82033;"5,9";"43";"5,29";""
"10/03/24";16:48;17:08;"00:19";;;"18";82051;"4,5";"43";"34,35";""
"10/03/24";17:13;17:14;"00:01";;;"0";82051;"10,4";"43";"0,88";""
"10/03/24";17:46;17:55;"00:09";;;"5";82057;"7,6";"43";"17,62";""
"11/03/24";04:26;04:33;"00:07";;;"4";82061;"8,4";"43";"15,85";""
"13/03/24";15:07;15:15;"00:08";;;"6";82067;"4,5";"43";"11,45";""
"13/03/24";16:01;16:03;"00:02";;;"1";82068;"8,2";"43";"1,76";""
"13/03/24";16:27;16:32;"00:05";;;"3";82071;"9,6";"43";"14,09";""
"13/03/24";17:01;17:03;"00:02";;;"2";82073;"5,5";"43";"3,53";""
"13/03/24";17:13;17:15;"00:02";;;"1";82074;"10,2";"43";"4,4";""
"15/03/24";16:04;16:23;"00:19";;;"14";82088;"6,4";"43";"38,75";""
"15/03/24";16:36;16:44;"00:08";;;"3";82091;"5,3";"43";"7,05";""
"15/03/24";16:54;17:17;"00:23";;;"12";82103;"5,7";"43";"29,94";""
"15/03/24";17:41;17:46;"00:05";;;"3";82107;"7,2";"43";"10,57";""
"16/03/24";18:02;18:20;"00:18";;;"11";82118;"7";"43";"33,47";""
"16/03/24";21:29;21:45;"00:16";;;"12";82129;"7,9";"43";"39,63";""
"17/03/24";17:21;17:41;"00:20";;;"12";82142;"6,2";"43";"32,58";""
"17/03/24";19:26;19:31;"00:05";;;"1";82143;"7,9";"43";"4,4";""
"17/03/24";20:40;20:42;"00:02";;;"1";82144;"6,8";"43";"2,64";""
"17/03/24";22:26;22:46;"00:20";;;"13";82157;"5,6";"43";"30,82";""
"18/03/24";16:09;16:30;"00:21";;;"15";82172;"7,3";"43";"46,68";""
"18/03/24";17:40;18:06;"00:26";;;"27";82208;"5,7";"43";"65,17";""
"18/03/24";16:33;16:44;"00:11";;;"3";82175;"7,7";"43";"10,56";""
"18/03/24";16:47;16:52;"00:05";;;"2";82176;"5,5";"43";"3,53";""
"18/03/24";17:06;17:16;"00:10";;;"5";82181;"5,7";"43";"11,45";""
"19/03/24";12:05;12:40;"00:35";;;"30";82238;"4,8";"43";"61,65";""
"19/03/24";13:18;13:26;"00:08";;;"1";82238;"15,4";"43";"5,29";""
"19/03/24";14:14;14:51;"00:37";;;"26";82264;"4,6";"43";"51,08";""
"19/03/24";17:58;18:18;"00:20";;;"14";82278;"6";"43";"36,11";""
"19/03/24";21:41;21:55;"00:13";;;"5";82283;"7,4";"43";"14,97";""
"19/03/24";22:19;22:39;"00:20";;;"13";82296;"5";"43";"28,18";""
"20/03/24";15:49;16:08;"00:19";;;"14";82310;"6,7";"43";"39,63";""
"20/03/24";16:36;16:45;"00:09";;;"2";82312;"8";"43";"6,16";""
"20/03/24";21:42;22:01;"00:19";;;"15";82327;"5,5";"43";"35,23";""
"21/03/24";13:56;14:02;"00:06";;;"3";82330;"6,8";"43";"8,8";""
"21/03/24";14:32;14:39;"00:07";;;"4";82333;"7,2";"43";"11,45";""
"21/03/24";14:43;14:47;"00:04";;;"2";82335;"7,7";"43";"5,28";""
"21/03/24";15:32;15:40;"00:07";;;"4";82339;"4,4";"43";"7,05";""
"21/03/24";15:42;15:56;"00:14";;;"10";82349;"6,6";"43";"29,06";""
"21/03/24";21:38;21:57;"00:19";;;"15";82364;"5,2";"43";"32,58";""
"22/03/24";18:19;18:22;"00:03";;;"1";82365;"9,3";"43";"4,4";""
"22/03/24";18:30;18:32;"00:02";;;"1";82366;"10,3";"43";"4,41";""
"23/03/24";18:07;18:32;"00:25";;;"17";82383;"7,8";"43";"56,37";""
"23/03/24";21:15;21:27;"00:12";;;"9";82392;"4,4";"43";"16,74";""
"23/03/24";21:42;21:46;"00:04";;;"3";82395;"7,8";"43";"9,69";""
"24/03/24";16:20;16:41;"00:20";;;"18";82412;"4,3";"43";"32,59";""
"24/03/24";18:00;18:14;"00:14";;;"10";82422;"5,5";"43";"23,78";""
"24/03/24";18:18;18:27;"00:09";;;"6";82429;"7";"43";"19,37";""
"26/03/24";18:13;18:15;"00:02";;;"1";82430;"7,4";"43";"3,52";""
"26/03/24";18:18;18:20;"00:02";;;"1";82431;"12,3";"43";"5,28";""
"28/03/24";14:49;15:15;"00:26";;;"24";82455;"5,1";"43";"51,97";""
"28/03/24";15:40;16:01;"00:21";;;"21";82476;"4,4";"43";"39,63";""
"28/03/24";16:14;16:19;"00:05";;;"3";82479;"7,3";"43";"8,81";""
"29/03/24";15:43;15:46;"00:03";;;"1";82480;"5,6";"43";"2,65";""
"29/03/24";15:47;15:50;"00:03";;;"1";82481;"11,2";"43";"5,28";""
"29/03/24";17:46;17:48;"00:02";;;"1";82483;"5,6";"43";"2,65";""
"29/03/24";17:53;18:15;"00:22";;;"11";82494;"6,6";"43";"29,95";""
"29/03/24";22:24;22:42;"00:18";;;"12";82505;"4,9";"43";"24,65";""
"30/03/24";16:15;16:22;"00:07";;;"4";82509;"4,6";"43";"7,05";""
"30/03/24";16:46;16:52;"00:06";;;"4";82512;"8,2";"43";"12,34";""
"01/04/24";18:01;18:07;"00:05";;;"3";82515;"4,1";"43";"5,29";""
"01/04/24";18:23;18:28;"00:05";;;"3";82518;"7,5";"43";"9,69";""
"03/04/24";18:07;18:23;"00:16";;;"11";82529;"6,3";"43";"29,06";""
"03/04/24";18:36;18:39;"00:03";;;"1";82530;"3,4";"43";"1,77";""
"03/04/24";20:52;21:04;"00:12";;;"8";82539;"4";"43";"14,09";""
"03/04/24";21:24;21:28;"00:04";;;"3";82542;"7,6";"43";"8,8";""
"04/04/24";18:18;18:32;"00:14";;;"11";82553;"5,4";"43";"26,41";""
"04/04/24";19:45;20:01;"00:16";;;"12";82565;"4";"43";"21,14";""
"05/04/24";18:03;18:09;"00:06";;;"4";82569;"5,1";"43";"7,93";""
"05/04/24";18:14;18:18;"00:04";;;"3";82571;"6,6";"43";"7,05";""
"05/04/24";18:19;18:21;"00:02";;;"1";82572;"10,3";"43";"5,28";""
"06/04/24";10:19;12:59;"02:40";;;"173";82746;"7,4";"43";"550,4";"Karavan İle"
"06/04/24";13:08;15:03;"01:55";;;"96";82842;"8,1";"43";"335,53";"Karavan İle"
"07/04/24";10:51;11:10;"00:19";;;"5";82847;"6,2";"43";"14,09";""
"07/04/24";12:16;12:28;"00:12";;;"5";82852;"6,4";"43";"13,22";""
"07/04/24";12:57;13:04;"00:07";;;"3";82856;"3,6";"43";"5,29";""
"07/04/24";13:36;13:39;"00:03";;;"1";82856;"4,6";"43";"1,77";""
"07/04/24";14:28;14:30;"00:02";;;"0";82857;"5,1";"43";"0,88";""
"07/04/24";14:44;14:51;"00:07";;;"2";82859;"6,2";"43";"6,16";""
"07/04/24";14:55;14:55;"00:00";;;"0";82859;"0,1";"43";"0";""
"10/04/24";14:49;14:54;"00:05";;;"1";82861;"10,2";"43";"5,28";""
"10/04/24";14:58;14:59;"00:01";;;"0";82861;"0,1";"43";"0";""
"10/04/24";16:16;16:22;"00:06";;;"2";82863;"6,9";"43";"6,17";""
"10/04/24";16:59;17:01;"00:02";;;"0";82863;"13,4";"43";"1,76";""
"10/04/24";17:18;17:28;"00:10";;;"3";82866;"6,6";"43";"7,93";""
"11/04/24";13:43;13:51;"00:08";;;"1";82867;"11,1";"43";"6,17";""
"11/04/24";14:59;15:19;"00:20";;;"9";82876;"5,2";"43";"19,38";""
"11/04/24";16:08;16:22;"00:13";;;"6";82882;"5,2";"43";"14,1";""
"11/04/24";17:48;17:51;"00:03";;;"1";82883;"10,4";"43";"2,65";""
"11/04/24";18:08;18:20;"00:12";;;"3";82886;"6,8";"43";"9,69";""
"12/04/24";11:52;13:02;"01:10";;;"54";82940;"3,8";"43";"87,19";""
"12/04/24";14:05;14:19;"00:14";;;"4";82944;"6,1";"43";"9,7";""
"12/04/24";14:31;14:46;"00:14";;;"2";82946;"7,1";"43";"7,05";""
"12/04/24";15:41;16:46;"01:05";;;"52";82998;"3,8";"43";"86,3";""
"13/04/24";13:09;13:15;"00:06";;;"1";83000;"7,9";"43";"4,41";""
"13/04/24";15:14;15:18;"00:04";;;"2";83001;"7,3";"43";"5,29";""
"13/04/24";15:24;15:28;"00:04";;;"1";83002;"7,6";"43";"2,64";""
"13/04/24";16:17;16:20;"00:03";;;"1";83003;"4,6";"43";"1,76";""
"13/04/24";16:51;16:57;"00:06";;;"1";83005;"7,3";"43";"4,41";""
"13/04/24";17:19;17:28;"00:09";;;"3";83007;"5,1";"43";"6,17";""
"14/04/24";13:32;13:53;"00:20";;;"7";83015;"5,9";"43";"18,5";""
"14/04/24";14:01;14:05;"00:04";;;"1";83016;"5,1";"43";"1,76";""
"14/04/24";15:38;15:48;"00:10";;;"3";83018;"7,4";"43";"7,93";""
"15/04/24";07:45;07:56;"00:11";;;"4";83022;"6,8";"43";"12,33";""
"15/04/24";08:00;08:04;"00:04";;;"1";83023;"5,6";"43";"2,65";""
"15/04/24";08:06;08:15;"00:09";;;"3";83026;"5,5";"43";"7,05";""
"15/04/24";11:45;14:35;"02:50";;;"146";83172;"7,9";"43";"498,45";"Karavan İle"
"15/04/24";15:00;17:01;"02:01";;;"137";83309;"8,1";"43";"475,55";"Karavan İle"
"15/04/24";17:19;17:26;"00:07";;;"3";83312;"15,4";"43";"18,49";"Karavan İle"
"16/04/24";20:47;20:54;"00:07";;;"3";83315;"4,8";"44";"6,31";""
"16/04/24";21:36;21:40;"00:04";;;"3";83318;"9,4";"44";"10,81";""
"17/04/24";11:42;11:52;"00:10";;;"6";83324;"4,1";"44";"10,81";""
"17/04/24";11:58;12:00;"00:02";;;"1";83324;"8,2";"44";"1,8";""
"17/04/24";12:43;12:53;"00:10";;;"6";83331;"6,8";"44";"18,93";""
"18/04/24";14:59;15:37;"00:38";;;"22";83353;"4,5";"44";"43,26";""
"18/04/24";16:11;16:22;"00:11";;;"3";83356;"11,6";"44";"15,32";""
"18/04/24";16:27;16:54;"00:27";;;"16";83372;"5,7";"44";"41,45";""
"19/04/24";14:15;14:17;"00:02";;;"1";83373;"7,4";"44";"3,6";""
"19/04/24";14:19;14:21;"00:02";;;"1";83374;"12,3";"44";"5,41";""
"19/04/24";17:01;17:04;"00:03";;;"1";83375;"6,9";"44";"3,6";""
"19/04/24";17:27;17:29;"00:02";;;"1";83377;"10,3";"44";"4,51";""
"20/04/24";18:49;18:57;"00:08";;;"6";83382;"5,6";"44";"13,51";""
"20/04/24";19:20;19:32;"00:12";;;"9";83391;"6,4";"44";"24,33";""
"21/04/24";00:36;00:53;"00:17";;;"13";83404;"5";"44";"27,94";""
"21/04/24";10:08;10:27;"00:19";;;"17";83421;"3,1";"44";"23,43";""
"21/04/24";10:38;10:41;"00:03";;;"1";83422;"8,8";"44";"5,4";""
"21/04/24";10:46;10:49;"00:03";;;"1";83424;"12,6";"44";"7,21";""
"21/04/24";12:33;13:01;"00:28";;;"18";83442;"5,5";"44";"43,25";""
"21/04/24";14:19;14:46;"00:27";;;"26";83468;"5,3";"44";"61,28";""
"21/04/24";16:18;16:47;"00:29";;;"26";83494;"4,2";"44";"47,77";""
"22/04/24";10:57;11:10;"00:13";;;"7";83501;"4";"44";"11,72";""
"22/04/24";11:26;11:42;"00:16";;;"8";83508;"6,3";"44";"20,73";""
"23/04/24";08:27;08:44;"00:17";;;"15";83523;"6";"44";"39,66";""
"23/04/24";10:47;10:54;"00:07";;;"5";83528;"5,9";"44";"11,71";""
"23/04/24";11:15;11:29;"00:14";;;"12";83539;"3,6";"44";"18,03";""
"26/04/24";11:09;11:31;"00:22";;;"19";83558;"4,4";"44";"36,94";""
"26/04/24";12:47;12:58;"00:11";;;"11";83569;"3,4";"44";"16,22";""
"26/04/24";13:31;13:32;"00:01";;;"0";83570;"10,1";"44";"0,9";""
"26/04/24";13:45;13:55;"00:10";;;"6";83576;"7,8";"44";"21,63";""
"26/04/24";18:39;18:45;"00:06";;;"3";83579;"3,4";"44";"4,51";""
"26/04/24";18:49;18:52;"00:03";;;"1";83580;"7,9";"44";"4,51";""
"26/04/24";21:21;21:38;"00:17";;;"12";83593;"5";"44";"27,04";""
"26/04/24";23:24;23:46;"00:22";;;"20";83612;"4,1";"44";"35,14";""
"27/04/24";11:39;11:55;"00:16";;;"12";83624;"5,3";"44";"27,93";""
"27/04/24";12:00;12:13;"00:13";;;"13";83638;"4,2";"44";"24,33";""
"27/04/24";12:22;12:52;"00:30";;;"24";83662;"4,5";"44";"47,77";""
"27/04/24";15:26;15:59;"00:33";;;"21";83683;"4,6";"44";"43,26";""
"28/04/24";13:59;14:18;"00:19";;;"19";83702;"4,7";"44";"39,65";""
"28/04/24";18:06;18:08;"00:02";;;"2";83705;"1,7";"44";"1,8";""
"28/04/24";18:11;18:21;"00:09";;;"9";83713;"3,7";"44";"14,42";""
"28/04/24";20:31;20:43;"00:12";;;"8";83722;"8,6";"44";"31,54";""
"29/04/24";13:17;13:30;"00:13";;;"9";83731;"4,6";"44";"18,02";""
"29/04/24";14:07;14:12;"00:05";;;"4";83735;"5,6";"44";"10,82";""
"29/04/24";14:37;14:38;"00:01";;;"0";83736;"5,1";"44";"0,9";""
"29/04/24";14:46;14:51;"00:04";;;"3";83739;"7,1";"44";"9,02";""
"01/05/24";17:02;17:17;"00:15";;;"11";83749;"6,4";"44";"29,73";""
"01/05/24";17:46;17:48;"00:02";;;"1";83750;"3,7";"44";"1,81";""
"01/05/24";20:13;20:27;"00:14";;;"8";83759;"4,2";"44";"15,33";""
"01/05/24";20:39;20:45;"00:06";;;"3";83762;"7,8";"44";"9,91";""
"02/05/24";11:30;11:45;"00:15";;;"11";83773;"5,7";"44";"27,93";""
"02/05/24";11:48;12:04;"00:16";;;"12";83785;"3,4";"44";"18,03";""
"02/05/24";15:39;15:41;"00:02";;;"1";83786;"4,4";"44";"2,7";""
"02/05/24";15:42;15:45;"00:03";;;"2";83788;"6,8";"44";"4,51";""
"03/05/24";08:45;08:53;"00:08";;;"6";83794;"4,5";"44";"11,71";""
"03/05/24";09:20;09:21;"00:00";;;"0";83794;"0,2";"44";"0,01";""
"03/05/24";09:24;09:25;"00:01";;;"0";83794;"0,1";"44";"0,01";""
"03/05/24";09:52;09:59;"00:07";;;"5";83799;"7,6";"44";"17,12";""
"04/05/24";16:59;17:38;"00:39";;;"38";83838;"4,7";"44";"80,21";""
"04/05/24";23:00;23:41;"00:41";;;"33";83870;"5,5";"44";"79,3";""
"05/05/24";10:53;11:22;"00:29";;;"26";83896;"4,2";"44";"47,76";""
"05/05/24";11:59;12:03;"00:04";;;"2";83898;"3,9";"44";"3,61";""
"05/05/24";12:05;12:06;"00:01";;;"0";83899;"6,9";"44";"0,9";""
"05/05/24";14:02;14:21;"00:18";;;"8";83907;"6,3";"44";"22,53";""
"05/05/24";14:50;14:55;"00:04";;;"1";83908;"10,2";"44";"4,51";""
"05/05/24";16:11;16:27;"00:16";;;"4";83912;"7,9";"44";"15,32";""
"05/05/24";16:36;16:39;"00:03";;;"1";83913;"10,2";"44";"2,7";""
"05/05/24";17:09;17:32;"00:23";;;"18";83931;"5,5";"44";"44,16";""
"05/05/24";17:57;18:01;"00:04";;;"4";83934;"6,4";"44";"9,91";""
"05/05/24";18:08;18:12;"00:04";;;"3";83938;"7";"44";"9,9";""
"05/05/24";18:39;18:41;"00:02";;;"1";83939;"6,3";"44";"3,61";""
"06/05/24";12:51;13:06;"00:15";;;"7";83947;"4,8";"44";"15,32";""
"06/05/24";13:13;13:15;"00:02";;;"1";83947;"4,1";"44";"0,91";""
"06/05/24";13:16;13:17;"00:00";;;"0";83947;"0,1";"44";"0,01";""
"06/05/24";13:56;14:12;"00:16";;;"7";83955;"6,7";"44";"21,63";""
"07/05/24";14:51;15:03;"00:12";;;"6";83961;"3,8";"44";"9,92";""
"07/05/24";15:09;15:18;"00:09";;;"4";83965;"5,7";"44";"10,82";""
"07/05/24";15:38;15:44;"00:06";;;"3";83968;"6,4";"44";"8,11";""
"08/05/24";15:28;15:32;"00:04";;;"1";83969;"5,1";"44";"2,71";""
"08/05/24";15:33;15:42;"00:09";;;"6";83975;"3,6";"44";"9,02";""
"08/05/24";15:50;16:03;"00:13";;;"7";83982;"6,5";"44";"19,83";""
"08/05/24";17:36;17:39;"00:03";;;"1";83983;"5,6";"44";"2,71";""
"08/05/24";17:41;18:01;"00:20";;;"10";83994;"6,7";"44";"30,64";""
"08/05/24";18:14;18:15;"00:01";;;"0";83994;"0,2";"44";"0,01";""
